,,bac,csi,f05,f1s,f2s,fnr,fom,fpr,inf,mcc,mk,npv,ppv,tnr,tpr,thr
AlphaFold2-rsa,0,0.534,0.332,0.383,0.498,0.713,0.0,0.003,0.931,0.069,0.15,0.329,0.997,0.332,0.069,1.0,0.155
AlphaFold2-rsa,1,0.534,0.334,0.385,0.501,0.715,0.0,0.003,0.931,0.069,0.151,0.331,0.997,0.334,0.069,1.0,0.155
AlphaFold2-rsa,2,0.534,0.331,0.382,0.497,0.712,0.001,0.004,0.931,0.068,0.15,0.327,0.996,0.331,0.069,0.999,0.155
AlphaFold2-rsa,3,0.534,0.332,0.383,0.498,0.713,0.0,0.002,0.931,0.069,0.151,0.33,0.998,0.332,0.069,1.0,0.155
AlphaFold2-rsa,4,0.535,0.332,0.383,0.498,0.713,0.0,0.001,0.931,0.069,0.152,0.331,0.999,0.332,0.069,1.0,0.155
AlphaFold2-rsa,5,0.534,0.334,0.385,0.501,0.715,0.0,0.001,0.931,0.069,0.151,0.333,0.999,0.334,0.069,1.0,0.155
AlphaFold2-rsa,6,0.535,0.333,0.384,0.5,0.714,0.0,0.003,0.93,0.07,0.152,0.33,0.997,0.333,0.07,1.0,0.155
AlphaFold2-rsa,7,0.535,0.333,0.384,0.5,0.714,0.0,0.002,0.931,0.069,0.151,0.331,0.998,0.333,0.069,1.0,0.155
AlphaFold2-rsa,8,0.535,0.331,0.382,0.497,0.712,0.0,0.003,0.93,0.07,0.151,0.328,0.997,0.331,0.07,1.0,0.155
AlphaFold2-rsa,9,0.534,0.33,0.381,0.496,0.711,0.0,0.003,0.931,0.069,0.15,0.327,0.997,0.33,0.069,1.0,0.155
AlphaFold2-rsa,10,0.535,0.332,0.383,0.498,0.713,0.001,0.003,0.93,0.069,0.151,0.329,0.997,0.332,0.07,0.999,0.155
AlphaFold2-rsa,11,0.534,0.332,0.383,0.498,0.713,0.001,0.004,0.931,0.068,0.15,0.328,0.996,0.332,0.069,0.999,0.155
AlphaFold2-rsa,12,0.534,0.33,0.381,0.496,0.711,0.0,0.002,0.932,0.068,0.149,0.328,0.998,0.33,0.068,1.0,0.155
AlphaFold2-rsa,13,0.534,0.332,0.383,0.498,0.713,0.001,0.004,0.931,0.068,0.15,0.328,0.996,0.332,0.069,0.999,0.155
AlphaFold2-rsa,14,0.534,0.332,0.383,0.498,0.713,0.0,0.002,0.932,0.068,0.15,0.33,0.998,0.332,0.068,1.0,0.155
AlphaFold2-rsa,15,0.534,0.334,0.385,0.501,0.715,0.0,0.003,0.932,0.068,0.149,0.331,0.997,0.334,0.068,1.0,0.155
AlphaFold2-rsa,16,0.534,0.334,0.385,0.501,0.715,0.0,0.003,0.933,0.067,0.149,0.331,0.997,0.334,0.067,1.0,0.155
AlphaFold2-rsa,17,0.533,0.332,0.383,0.498,0.713,0.0,0.001,0.933,0.067,0.149,0.331,0.999,0.332,0.067,1.0,0.155
AlphaFold2-rsa,18,0.534,0.333,0.384,0.499,0.714,0.001,0.004,0.932,0.067,0.149,0.329,0.996,0.333,0.068,0.999,0.155
AlphaFold2-rsa,19,0.534,0.33,0.381,0.496,0.711,0.0,0.002,0.932,0.068,0.149,0.328,0.998,0.33,0.068,1.0,0.155
AlphaFold2-rsa,20,0.535,0.331,0.382,0.497,0.712,0.0,0.003,0.93,0.07,0.151,0.328,0.997,0.331,0.07,1.0,0.155
AlphaFold2-rsa,21,0.534,0.334,0.385,0.501,0.715,0.0,0.002,0.932,0.068,0.15,0.332,0.998,0.334,0.068,1.0,0.155
AlphaFold2-rsa,22,0.533,0.335,0.386,0.502,0.716,0.0,0.003,0.934,0.066,0.148,0.332,0.997,0.335,0.066,1.0,0.155
AlphaFold2-rsa,23,0.534,0.332,0.383,0.498,0.713,0.001,0.004,0.931,0.068,0.15,0.328,0.996,0.332,0.069,0.999,0.155
AlphaFold2-rsa,24,0.534,0.331,0.382,0.497,0.712,0.0,0.003,0.932,0.068,0.149,0.328,0.997,0.331,0.068,1.0,0.155
AlphaFold2-rsa,25,0.534,0.333,0.384,0.5,0.714,0.0,0.002,0.931,0.069,0.151,0.331,0.998,0.333,0.069,1.0,0.155
AlphaFold2-rsa,26,0.534,0.332,0.383,0.498,0.713,0.0,0.003,0.932,0.068,0.149,0.329,0.997,0.332,0.068,1.0,0.155
AlphaFold2-rsa,27,0.535,0.331,0.382,0.497,0.712,0.0,0.003,0.93,0.07,0.151,0.328,0.997,0.331,0.07,1.0,0.155
AlphaFold2-rsa,28,0.534,0.332,0.383,0.498,0.713,0.0,0.003,0.933,0.067,0.149,0.329,0.997,0.332,0.067,1.0,0.155
AlphaFold2-rsa,29,0.534,0.33,0.382,0.497,0.712,0.0,0.003,0.931,0.069,0.15,0.328,0.997,0.331,0.069,1.0,0.155
AlphaFold2-rsa,30,0.534,0.332,0.383,0.498,0.713,0.0,0.002,0.931,0.069,0.151,0.33,0.998,0.332,0.069,1.0,0.155
AlphaFold2-rsa,31,0.534,0.332,0.383,0.498,0.713,0.0,0.003,0.931,0.069,0.15,0.329,0.997,0.332,0.069,1.0,0.155
AlphaFold2-rsa,32,0.534,0.331,0.382,0.497,0.712,0.0,0.002,0.931,0.069,0.15,0.329,0.998,0.331,0.069,1.0,0.155
AlphaFold2-rsa,33,0.534,0.332,0.383,0.498,0.713,0.0,0.002,0.933,0.067,0.149,0.33,0.998,0.332,0.067,1.0,0.155
AlphaFold2-rsa,34,0.534,0.332,0.383,0.498,0.713,0.0,0.002,0.932,0.068,0.15,0.33,0.998,0.332,0.068,1.0,0.155
AlphaFold2-rsa,35,0.534,0.332,0.383,0.498,0.713,0.001,0.004,0.931,0.068,0.15,0.328,0.996,0.332,0.069,0.999,0.155
AlphaFold2-rsa,36,0.534,0.333,0.384,0.5,0.714,0.0,0.002,0.932,0.068,0.15,0.331,0.998,0.333,0.068,1.0,0.155
AlphaFold2-rsa,37,0.535,0.332,0.383,0.498,0.713,0.0,0.001,0.93,0.07,0.152,0.331,0.999,0.332,0.07,1.0,0.155
AlphaFold2-rsa,38,0.534,0.332,0.383,0.498,0.713,0.0,0.003,0.932,0.068,0.15,0.329,0.997,0.332,0.068,1.0,0.155
AlphaFold2-rsa,39,0.533,0.33,0.381,0.496,0.711,0.0,0.001,0.933,0.067,0.148,0.329,0.999,0.33,0.067,1.0,0.155
AlphaFold2-rsa,40,0.535,0.333,0.384,0.5,0.714,0.0,0.003,0.93,0.07,0.152,0.33,0.997,0.333,0.07,1.0,0.155
AlphaFold2-rsa,41,0.535,0.33,0.381,0.496,0.711,0.0,0.002,0.929,0.071,0.152,0.328,0.998,0.33,0.071,1.0,0.155
AlphaFold2-rsa,42,0.534,0.333,0.384,0.5,0.714,0.0,0.002,0.932,0.068,0.149,0.331,0.998,0.333,0.068,1.0,0.155
AlphaFold2-rsa,43,0.534,0.332,0.383,0.498,0.713,0.0,0.003,0.932,0.068,0.149,0.329,0.997,0.332,0.068,1.0,0.155
AlphaFold2-rsa,44,0.534,0.329,0.38,0.495,0.71,0.0,0.003,0.931,0.069,0.149,0.326,0.997,0.329,0.069,1.0,0.155
AlphaFold2-rsa,45,0.535,0.332,0.383,0.498,0.713,0.0,0.003,0.93,0.07,0.151,0.329,0.997,0.332,0.07,1.0,0.155
AlphaFold2-rsa,46,0.534,0.332,0.383,0.498,0.713,0.0,0.003,0.932,0.068,0.15,0.329,0.997,0.332,0.068,1.0,0.155
AlphaFold2-rsa,47,0.534,0.332,0.383,0.498,0.713,0.0,0.003,0.932,0.068,0.15,0.329,0.997,0.332,0.068,1.0,0.155
AlphaFold2-rsa,48,0.535,0.331,0.383,0.498,0.713,0.0,0.003,0.931,0.069,0.151,0.329,0.997,0.332,0.069,1.0,0.155
AlphaFold2-rsa,49,0.534,0.333,0.384,0.5,0.714,0.0,0.003,0.932,0.068,0.15,0.33,0.997,0.333,0.068,1.0,0.155
AlphaFold2-rsa,50,0.535,0.333,0.384,0.5,0.714,0.0,0.002,0.931,0.069,0.151,0.331,0.998,0.333,0.069,1.0,0.155
AlphaFold2-rsa,51,0.533,0.332,0.383,0.498,0.713,0.0,0.002,0.933,0.067,0.149,0.33,0.998,0.332,0.067,1.0,0.155
AlphaFold2-rsa,52,0.535,0.331,0.382,0.497,0.712,0.0,0.002,0.93,0.07,0.151,0.329,0.998,0.331,0.07,1.0,0.155
AlphaFold2-rsa,53,0.534,0.334,0.385,0.501,0.715,0.0,0.002,0.932,0.068,0.15,0.332,0.998,0.334,0.068,1.0,0.155
AlphaFold2-rsa,54,0.535,0.33,0.381,0.496,0.711,0.0,0.002,0.93,0.07,0.151,0.328,0.998,0.33,0.07,1.0,0.155
AlphaFold2-rsa,55,0.534,0.329,0.38,0.495,0.71,0.0,0.003,0.932,0.068,0.149,0.326,0.997,0.329,0.068,1.0,0.155
AlphaFold2-rsa,56,0.534,0.334,0.385,0.501,0.715,0.0,0.003,0.932,0.068,0.149,0.331,0.997,0.334,0.068,1.0,0.155
AlphaFold2-rsa,57,0.535,0.333,0.384,0.5,0.714,0.0,0.003,0.929,0.071,0.152,0.33,0.997,0.333,0.071,1.0,0.155
AlphaFold2-rsa,58,0.535,0.332,0.383,0.498,0.713,0.0,0.003,0.93,0.07,0.152,0.329,0.997,0.332,0.07,1.0,0.155
AlphaFold2-rsa,59,0.534,0.331,0.382,0.497,0.712,0.001,0.003,0.931,0.068,0.149,0.328,0.997,0.331,0.069,0.999,0.155
AlphaFold2-rsa,60,0.533,0.331,0.382,0.497,0.712,0.0,0.002,0.933,0.067,0.148,0.329,0.998,0.331,0.067,1.0,0.155
AlphaFold2-rsa,61,0.534,0.332,0.383,0.498,0.713,0.0,0.002,0.931,0.069,0.15,0.33,0.998,0.332,0.069,1.0,0.155
AlphaFold2-rsa,62,0.533,0.332,0.383,0.498,0.713,0.001,0.004,0.932,0.067,0.148,0.328,0.996,0.332,0.068,0.999,0.155
AlphaFold2-rsa,63,0.534,0.333,0.384,0.5,0.714,0.0,0.002,0.932,0.068,0.15,0.331,0.998,0.333,0.068,1.0,0.155
AlphaFold2-rsa,64,0.535,0.332,0.383,0.498,0.713,0.0,0.001,0.93,0.07,0.152,0.331,0.999,0.332,0.07,1.0,0.155
AlphaFold2-rsa,65,0.534,0.332,0.383,0.498,0.713,0.0,0.002,0.931,0.069,0.15,0.33,0.998,0.332,0.069,1.0,0.155
AlphaFold2-rsa,66,0.534,0.33,0.381,0.496,0.711,0.0,0.002,0.932,0.068,0.149,0.328,0.998,0.33,0.068,1.0,0.155
AlphaFold2-rsa,67,0.534,0.334,0.385,0.501,0.715,0.0,0.003,0.931,0.069,0.15,0.331,0.997,0.334,0.069,1.0,0.155
AlphaFold2-rsa,68,0.534,0.331,0.382,0.497,0.712,0.0,0.003,0.932,0.068,0.149,0.328,0.997,0.331,0.068,1.0,0.155
AlphaFold2-rsa,69,0.534,0.335,0.386,0.502,0.715,0.001,0.003,0.931,0.068,0.151,0.332,0.997,0.335,0.069,0.999,0.155
AlphaFold2-rsa,70,0.535,0.332,0.383,0.498,0.713,0.0,0.003,0.93,0.07,0.151,0.329,0.997,0.332,0.07,1.0,0.155
AlphaFold2-rsa,71,0.534,0.33,0.381,0.496,0.711,0.0,0.002,0.931,0.069,0.15,0.328,0.998,0.33,0.069,1.0,0.155
AlphaFold2-rsa,72,0.534,0.331,0.382,0.497,0.712,0.001,0.004,0.93,0.069,0.15,0.327,0.996,0.331,0.07,0.999,0.155
AlphaFold2-rsa,73,0.535,0.332,0.384,0.5,0.714,0.0,0.002,0.931,0.069,0.151,0.331,0.998,0.333,0.069,1.0,0.155
AlphaFold2-rsa,74,0.534,0.331,0.382,0.497,0.712,0.001,0.004,0.931,0.068,0.15,0.327,0.996,0.331,0.069,0.999,0.155
AlphaFold2-rsa,75,0.533,0.332,0.383,0.498,0.713,0.0,0.002,0.934,0.066,0.147,0.33,0.998,0.332,0.066,1.0,0.155
AlphaFold2-rsa,76,0.534,0.333,0.384,0.5,0.714,0.0,0.002,0.932,0.068,0.149,0.331,0.998,0.333,0.068,1.0,0.155
AlphaFold2-rsa,77,0.534,0.329,0.38,0.495,0.71,0.0,0.002,0.933,0.067,0.148,0.327,0.998,0.329,0.067,1.0,0.155
AlphaFold2-rsa,78,0.533,0.329,0.38,0.495,0.71,0.0,0.002,0.934,0.066,0.147,0.327,0.998,0.329,0.066,1.0,0.155
AlphaFold2-rsa,79,0.534,0.332,0.383,0.498,0.713,0.001,0.004,0.931,0.068,0.15,0.328,0.996,0.332,0.069,0.999,0.155
AlphaFold2-rsa,80,0.535,0.333,0.384,0.5,0.714,0.0,0.001,0.929,0.071,0.153,0.332,0.999,0.333,0.071,1.0,0.155
AlphaFold2-rsa,81,0.534,0.331,0.382,0.497,0.712,0.0,0.003,0.932,0.068,0.148,0.328,0.997,0.331,0.068,1.0,0.155
AlphaFold2-rsa,82,0.534,0.333,0.384,0.499,0.714,0.001,0.004,0.932,0.067,0.149,0.329,0.996,0.333,0.068,0.999,0.155
AlphaFold2-rsa,83,0.534,0.332,0.383,0.498,0.713,0.0,0.002,0.932,0.068,0.149,0.33,0.998,0.332,0.068,1.0,0.155
AlphaFold2-rsa,84,0.534,0.332,0.383,0.498,0.713,0.0,0.003,0.932,0.068,0.149,0.329,0.997,0.332,0.068,1.0,0.155
AlphaFold2-rsa,85,0.534,0.333,0.384,0.5,0.714,0.0,0.003,0.931,0.069,0.151,0.33,0.997,0.333,0.069,1.0,0.155
AlphaFold2-rsa,86,0.535,0.33,0.381,0.496,0.711,0.0,0.003,0.93,0.07,0.151,0.327,0.997,0.33,0.07,1.0,0.155
AlphaFold2-rsa,87,0.534,0.334,0.385,0.501,0.715,0.0,0.002,0.931,0.069,0.151,0.332,0.998,0.334,0.069,1.0,0.155
AlphaFold2-rsa,88,0.534,0.333,0.384,0.499,0.714,0.001,0.004,0.932,0.067,0.149,0.329,0.996,0.333,0.068,0.999,0.155
AlphaFold2-rsa,89,0.534,0.333,0.384,0.5,0.714,0.0,0.002,0.931,0.069,0.151,0.331,0.998,0.333,0.069,1.0,0.155
AlphaFold2-rsa,90,0.534,0.33,0.381,0.496,0.711,0.0,0.002,0.932,0.068,0.149,0.328,0.998,0.33,0.068,1.0,0.155
AlphaFold2-rsa,91,0.534,0.332,0.383,0.498,0.713,0.001,0.004,0.931,0.068,0.15,0.328,0.996,0.332,0.069,0.999,0.155
AlphaFold2-rsa,92,0.534,0.334,0.385,0.501,0.715,0.0,0.002,0.932,0.068,0.15,0.332,0.998,0.334,0.068,1.0,0.155
AlphaFold2-rsa,93,0.534,0.331,0.382,0.497,0.712,0.0,0.003,0.931,0.069,0.15,0.328,0.997,0.331,0.069,1.0,0.155
AlphaFold2-rsa,94,0.535,0.333,0.385,0.501,0.715,0.0,0.003,0.93,0.07,0.151,0.331,0.997,0.334,0.07,1.0,0.155
AlphaFold2-rsa,95,0.535,0.329,0.38,0.495,0.71,0.0,0.003,0.93,0.07,0.151,0.326,0.997,0.329,0.07,1.0,0.155
AlphaFold2-rsa,96,0.534,0.329,0.38,0.495,0.71,0.0,0.003,0.932,0.068,0.148,0.326,0.997,0.329,0.068,1.0,0.155
AlphaFold2-rsa,97,0.534,0.332,0.383,0.498,0.713,0.0,0.003,0.931,0.069,0.15,0.329,0.997,0.332,0.069,1.0,0.155
AlphaFold2-rsa,98,0.534,0.331,0.382,0.497,0.712,0.0,0.001,0.931,0.069,0.15,0.33,0.999,0.331,0.069,1.0,0.155
AlphaFold2-rsa,99,0.534,0.334,0.385,0.501,0.715,0.0,0.002,0.931,0.069,0.151,0.332,0.998,0.334,0.069,1.0,0.155
AlphaFold2-plddt,0,0.534,0.333,0.384,0.5,0.714,0.0,0.001,0.931,0.069,0.151,0.332,0.999,0.333,0.069,1.0,0.014
AlphaFold2-plddt,1,0.535,0.333,0.384,0.5,0.714,0.0,0.001,0.93,0.07,0.152,0.332,0.999,0.333,0.07,1.0,0.014
AlphaFold2-plddt,2,0.535,0.332,0.383,0.498,0.713,0.0,0.001,0.93,0.07,0.152,0.331,0.999,0.332,0.07,1.0,0.014
AlphaFold2-plddt,3,0.535,0.33,0.381,0.496,0.711,0.0,0.0,0.931,0.069,0.151,0.33,1.0,0.33,0.069,1.0,0.014
AlphaFold2-plddt,4,0.535,0.33,0.381,0.496,0.711,0.0,0.001,0.93,0.07,0.152,0.329,0.999,0.33,0.07,1.0,0.014
AlphaFold2-plddt,5,0.534,0.332,0.383,0.498,0.713,0.0,0.001,0.931,0.069,0.151,0.331,0.999,0.332,0.069,1.0,0.014
AlphaFold2-plddt,6,0.534,0.332,0.383,0.498,0.713,0.0,0.001,0.932,0.068,0.15,0.331,0.999,0.332,0.068,1.0,0.014
AlphaFold2-plddt,7,0.535,0.331,0.382,0.497,0.712,0.0,0.002,0.93,0.07,0.151,0.329,0.998,0.331,0.07,1.0,0.014
AlphaFold2-plddt,8,0.535,0.331,0.382,0.497,0.712,0.0,0.001,0.93,0.07,0.151,0.33,0.999,0.331,0.07,1.0,0.014
AlphaFold2-plddt,9,0.535,0.329,0.38,0.495,0.71,0.0,0.0,0.93,0.07,0.152,0.329,1.0,0.329,0.07,1.0,0.014
AlphaFold2-plddt,10,0.535,0.332,0.383,0.498,0.713,0.0,0.002,0.931,0.069,0.151,0.33,0.998,0.332,0.069,1.0,0.014
AlphaFold2-plddt,11,0.535,0.331,0.382,0.497,0.712,0.0,0.0,0.93,0.07,0.152,0.331,1.0,0.331,0.07,1.0,0.014
AlphaFold2-plddt,12,0.535,0.334,0.385,0.501,0.715,0.0,0.001,0.931,0.069,0.152,0.333,0.999,0.334,0.069,1.0,0.014
AlphaFold2-plddt,13,0.535,0.333,0.384,0.5,0.714,0.0,0.001,0.929,0.071,0.153,0.332,0.999,0.333,0.071,1.0,0.014
AlphaFold2-plddt,14,0.534,0.334,0.385,0.501,0.715,0.0,0.003,0.931,0.069,0.151,0.331,0.997,0.334,0.069,1.0,0.014
AlphaFold2-plddt,15,0.534,0.33,0.381,0.496,0.711,0.0,0.0,0.931,0.069,0.151,0.33,1.0,0.33,0.069,1.0,0.014
AlphaFold2-plddt,16,0.534,0.333,0.384,0.5,0.714,0.0,0.002,0.932,0.068,0.149,0.331,0.998,0.333,0.068,1.0,0.014
AlphaFold2-plddt,17,0.535,0.332,0.383,0.498,0.713,0.0,0.002,0.93,0.07,0.151,0.33,0.998,0.332,0.07,1.0,0.014
AlphaFold2-plddt,18,0.535,0.335,0.386,0.502,0.716,0.0,0.002,0.93,0.07,0.152,0.333,0.998,0.335,0.07,1.0,0.014
AlphaFold2-plddt,19,0.535,0.332,0.383,0.498,0.713,0.0,0.001,0.93,0.07,0.152,0.331,0.999,0.332,0.07,1.0,0.014
AlphaFold2-plddt,20,0.534,0.333,0.384,0.5,0.714,0.0,0.001,0.932,0.068,0.15,0.332,0.999,0.333,0.068,1.0,0.014
AlphaFold2-plddt,21,0.534,0.331,0.382,0.497,0.712,0.0,0.001,0.932,0.068,0.15,0.33,0.999,0.331,0.068,1.0,0.014
AlphaFold2-plddt,22,0.535,0.336,0.389,0.504,0.718,0.0,0.001,0.93,0.07,0.153,0.336,0.999,0.337,0.07,1.0,0.014
AlphaFold2-plddt,23,0.535,0.333,0.384,0.5,0.714,0.0,0.001,0.93,0.07,0.152,0.332,0.999,0.333,0.07,1.0,0.014
AlphaFold2-plddt,24,0.534,0.33,0.381,0.496,0.711,0.0,0.001,0.931,0.069,0.15,0.329,0.999,0.33,0.069,1.0,0.014
AlphaFold2-plddt,25,0.535,0.334,0.385,0.501,0.715,0.0,0.001,0.931,0.069,0.152,0.333,0.999,0.334,0.069,1.0,0.014
AlphaFold2-plddt,26,0.534,0.332,0.383,0.498,0.713,0.0,0.001,0.931,0.069,0.151,0.331,0.999,0.332,0.069,1.0,0.014
AlphaFold2-plddt,27,0.535,0.334,0.385,0.501,0.715,0.0,0.001,0.93,0.07,0.153,0.333,0.999,0.334,0.07,1.0,0.014
AlphaFold2-plddt,28,0.535,0.33,0.381,0.496,0.711,0.0,0.0,0.931,0.069,0.151,0.33,1.0,0.33,0.069,1.0,0.014
AlphaFold2-plddt,29,0.535,0.333,0.384,0.5,0.714,0.0,0.002,0.931,0.069,0.151,0.331,0.998,0.333,0.069,1.0,0.014
AlphaFold2-plddt,30,0.535,0.333,0.384,0.5,0.714,0.0,0.001,0.931,0.069,0.152,0.332,0.999,0.333,0.069,1.0,0.014
AlphaFold2-plddt,31,0.535,0.333,0.384,0.5,0.714,0.0,0.001,0.93,0.07,0.152,0.332,0.999,0.333,0.07,1.0,0.014
AlphaFold2-plddt,32,0.535,0.329,0.38,0.495,0.71,0.0,0.001,0.931,0.069,0.151,0.328,0.999,0.329,0.069,1.0,0.014
AlphaFold2-plddt,33,0.534,0.329,0.38,0.495,0.71,0.0,0.0,0.931,0.069,0.15,0.329,1.0,0.329,0.069,1.0,0.014
AlphaFold2-plddt,34,0.535,0.331,0.382,0.497,0.712,0.0,0.001,0.93,0.07,0.151,0.33,0.999,0.331,0.07,1.0,0.014
AlphaFold2-plddt,35,0.534,0.332,0.383,0.498,0.713,0.0,0.001,0.931,0.069,0.151,0.331,0.999,0.332,0.069,1.0,0.014
AlphaFold2-plddt,36,0.533,0.328,0.379,0.494,0.709,0.0,0.002,0.933,0.067,0.148,0.326,0.998,0.328,0.067,1.0,0.014
AlphaFold2-plddt,37,0.534,0.333,0.384,0.5,0.714,0.0,0.002,0.931,0.069,0.15,0.331,0.998,0.333,0.069,1.0,0.014
AlphaFold2-plddt,38,0.534,0.333,0.384,0.5,0.714,0.0,0.001,0.932,0.068,0.15,0.332,0.999,0.333,0.068,1.0,0.014
AlphaFold2-plddt,39,0.535,0.332,0.383,0.498,0.713,0.0,0.001,0.929,0.071,0.153,0.331,0.999,0.332,0.071,1.0,0.014
AlphaFold2-plddt,40,0.535,0.331,0.382,0.497,0.712,0.0,0.0,0.931,0.069,0.151,0.331,1.0,0.331,0.069,1.0,0.014
AlphaFold2-plddt,41,0.534,0.329,0.38,0.495,0.71,0.0,0.0,0.931,0.069,0.151,0.329,1.0,0.329,0.069,1.0,0.014
AlphaFold2-plddt,42,0.535,0.331,0.382,0.497,0.712,0.0,0.001,0.93,0.07,0.152,0.33,0.999,0.331,0.07,1.0,0.014
AlphaFold2-plddt,43,0.535,0.331,0.382,0.497,0.712,0.0,0.001,0.931,0.069,0.151,0.33,0.999,0.331,0.069,1.0,0.014
AlphaFold2-plddt,44,0.534,0.334,0.385,0.501,0.715,0.0,0.001,0.932,0.068,0.151,0.333,0.999,0.334,0.068,1.0,0.014
AlphaFold2-plddt,45,0.534,0.331,0.382,0.497,0.712,0.0,0.001,0.931,0.069,0.151,0.33,0.999,0.331,0.069,1.0,0.014
AlphaFold2-plddt,46,0.535,0.332,0.383,0.498,0.713,0.0,0.001,0.929,0.071,0.153,0.331,0.999,0.332,0.071,1.0,0.014
AlphaFold2-plddt,47,0.535,0.333,0.384,0.5,0.714,0.0,0.001,0.93,0.07,0.152,0.332,0.999,0.333,0.07,1.0,0.014
AlphaFold2-plddt,48,0.534,0.332,0.383,0.498,0.713,0.0,0.0,0.931,0.069,0.151,0.332,1.0,0.332,0.069,1.0,0.014
AlphaFold2-plddt,49,0.534,0.334,0.385,0.501,0.714,0.001,0.003,0.932,0.067,0.15,0.331,0.997,0.334,0.068,0.999,0.014
AlphaFold2-plddt,50,0.535,0.333,0.384,0.5,0.714,0.0,0.001,0.93,0.07,0.152,0.332,0.999,0.333,0.07,1.0,0.014
AlphaFold2-plddt,51,0.534,0.331,0.382,0.497,0.712,0.0,0.0,0.933,0.067,0.149,0.331,1.0,0.331,0.067,1.0,0.014
AlphaFold2-plddt,52,0.535,0.336,0.387,0.503,0.717,0.0,0.001,0.93,0.07,0.153,0.335,0.999,0.336,0.07,1.0,0.014
AlphaFold2-plddt,53,0.534,0.329,0.38,0.495,0.71,0.0,0.0,0.933,0.067,0.149,0.329,1.0,0.329,0.067,1.0,0.014
AlphaFold2-plddt,54,0.535,0.331,0.382,0.497,0.712,0.0,0.001,0.93,0.07,0.152,0.33,0.999,0.331,0.07,1.0,0.014
AlphaFold2-plddt,55,0.534,0.331,0.382,0.497,0.712,0.0,0.001,0.932,0.068,0.15,0.33,0.999,0.331,0.068,1.0,0.014
AlphaFold2-plddt,56,0.535,0.335,0.386,0.502,0.716,0.0,0.001,0.93,0.07,0.152,0.334,0.999,0.335,0.07,1.0,0.014
AlphaFold2-plddt,57,0.535,0.332,0.383,0.498,0.713,0.0,0.002,0.931,0.069,0.151,0.33,0.998,0.332,0.069,1.0,0.014
AlphaFold2-plddt,58,0.535,0.333,0.384,0.5,0.714,0.0,0.001,0.929,0.071,0.153,0.332,0.999,0.333,0.071,1.0,0.014
AlphaFold2-plddt,59,0.535,0.332,0.383,0.498,0.713,0.0,0.001,0.93,0.07,0.151,0.331,0.999,0.332,0.07,1.0,0.014
AlphaFold2-plddt,60,0.535,0.334,0.385,0.501,0.715,0.0,0.002,0.93,0.07,0.152,0.332,0.998,0.334,0.07,1.0,0.014
AlphaFold2-plddt,61,0.535,0.33,0.381,0.496,0.711,0.0,0.002,0.931,0.069,0.151,0.328,0.998,0.33,0.069,1.0,0.014
AlphaFold2-plddt,62,0.535,0.333,0.384,0.5,0.714,0.0,0.0,0.931,0.069,0.152,0.333,1.0,0.333,0.069,1.0,0.014
AlphaFold2-plddt,63,0.533,0.328,0.379,0.494,0.709,0.0,0.002,0.933,0.067,0.147,0.326,0.998,0.328,0.067,1.0,0.014
AlphaFold2-plddt,64,0.534,0.331,0.382,0.497,0.712,0.0,0.001,0.931,0.069,0.151,0.33,0.999,0.331,0.069,1.0,0.014
AlphaFold2-plddt,65,0.534,0.334,0.385,0.501,0.715,0.0,0.002,0.931,0.069,0.151,0.332,0.998,0.334,0.069,1.0,0.014
AlphaFold2-plddt,66,0.534,0.331,0.382,0.497,0.712,0.0,0.002,0.931,0.069,0.151,0.329,0.998,0.331,0.069,1.0,0.014
AlphaFold2-plddt,67,0.534,0.332,0.383,0.498,0.713,0.0,0.001,0.931,0.069,0.151,0.331,0.999,0.332,0.069,1.0,0.014
AlphaFold2-plddt,68,0.535,0.331,0.382,0.497,0.712,0.0,0.0,0.931,0.069,0.151,0.331,1.0,0.331,0.069,1.0,0.014
AlphaFold2-plddt,69,0.535,0.333,0.384,0.5,0.714,0.0,0.001,0.93,0.07,0.152,0.332,0.999,0.333,0.07,1.0,0.014
AlphaFold2-plddt,70,0.534,0.334,0.385,0.501,0.715,0.0,0.001,0.932,0.068,0.151,0.333,0.999,0.334,0.068,1.0,0.014
AlphaFold2-plddt,71,0.535,0.334,0.385,0.501,0.715,0.0,0.002,0.931,0.069,0.152,0.332,0.998,0.334,0.069,1.0,0.014
AlphaFold2-plddt,72,0.536,0.332,0.383,0.498,0.713,0.0,0.001,0.929,0.071,0.154,0.331,0.999,0.332,0.071,1.0,0.014
AlphaFold2-plddt,73,0.535,0.332,0.383,0.498,0.713,0.0,0.001,0.93,0.07,0.152,0.331,0.999,0.332,0.07,1.0,0.014
AlphaFold2-plddt,74,0.534,0.332,0.383,0.498,0.713,0.0,0.001,0.932,0.068,0.15,0.331,0.999,0.332,0.068,1.0,0.014
AlphaFold2-plddt,75,0.534,0.335,0.386,0.502,0.716,0.0,0.001,0.932,0.068,0.151,0.334,0.999,0.335,0.068,1.0,0.014
AlphaFold2-plddt,76,0.534,0.332,0.383,0.498,0.713,0.0,0.001,0.931,0.069,0.151,0.331,0.999,0.332,0.069,1.0,0.014
AlphaFold2-plddt,77,0.535,0.332,0.383,0.498,0.713,0.0,0.001,0.93,0.07,0.152,0.331,0.999,0.332,0.07,1.0,0.014
AlphaFold2-plddt,78,0.534,0.333,0.384,0.5,0.714,0.0,0.002,0.931,0.069,0.151,0.331,0.998,0.333,0.069,1.0,0.014
AlphaFold2-plddt,79,0.534,0.333,0.384,0.5,0.714,0.0,0.002,0.932,0.068,0.149,0.331,0.998,0.333,0.068,1.0,0.014
AlphaFold2-plddt,80,0.535,0.333,0.384,0.5,0.714,0.0,0.0,0.931,0.069,0.152,0.333,1.0,0.333,0.069,1.0,0.014
AlphaFold2-plddt,81,0.534,0.333,0.384,0.5,0.714,0.0,0.001,0.931,0.069,0.151,0.332,0.999,0.333,0.069,1.0,0.014
AlphaFold2-plddt,82,0.534,0.332,0.383,0.498,0.713,0.0,0.001,0.932,0.068,0.15,0.331,0.999,0.332,0.068,1.0,0.014
AlphaFold2-plddt,83,0.535,0.333,0.384,0.5,0.714,0.0,0.0,0.93,0.07,0.153,0.333,1.0,0.333,0.07,1.0,0.014
AlphaFold2-plddt,84,0.535,0.332,0.383,0.498,0.713,0.0,0.001,0.93,0.07,0.152,0.331,0.999,0.332,0.07,1.0,0.014
AlphaFold2-plddt,85,0.534,0.333,0.384,0.5,0.714,0.0,0.001,0.931,0.069,0.151,0.332,0.999,0.333,0.069,1.0,0.014
AlphaFold2-plddt,86,0.534,0.332,0.383,0.498,0.713,0.0,0.001,0.931,0.069,0.151,0.331,0.999,0.332,0.069,1.0,0.014
AlphaFold2-plddt,87,0.534,0.334,0.385,0.501,0.715,0.0,0.001,0.931,0.069,0.152,0.333,0.999,0.334,0.069,1.0,0.014
AlphaFold2-plddt,88,0.535,0.333,0.384,0.5,0.714,0.0,0.001,0.93,0.07,0.152,0.332,0.999,0.333,0.07,1.0,0.014
AlphaFold2-plddt,89,0.534,0.336,0.387,0.503,0.717,0.0,0.001,0.932,0.068,0.151,0.335,0.999,0.336,0.068,1.0,0.014
AlphaFold2-plddt,90,0.536,0.333,0.384,0.5,0.714,0.0,0.001,0.929,0.071,0.154,0.332,0.999,0.333,0.071,1.0,0.014
AlphaFold2-plddt,91,0.535,0.33,0.381,0.496,0.711,0.0,0.001,0.93,0.07,0.152,0.329,0.999,0.33,0.07,1.0,0.014
AlphaFold2-plddt,92,0.535,0.333,0.384,0.5,0.714,0.0,0.001,0.93,0.07,0.152,0.332,0.999,0.333,0.07,1.0,0.014
AlphaFold2-plddt,93,0.535,0.332,0.383,0.498,0.713,0.0,0.001,0.93,0.07,0.152,0.331,0.999,0.332,0.07,1.0,0.014
AlphaFold2-plddt,94,0.535,0.333,0.384,0.5,0.714,0.0,0.0,0.93,0.07,0.152,0.333,1.0,0.333,0.07,1.0,0.014
AlphaFold2-plddt,95,0.535,0.331,0.383,0.498,0.713,0.0,0.002,0.93,0.07,0.151,0.33,0.998,0.332,0.07,1.0,0.014
AlphaFold2-plddt,96,0.535,0.33,0.381,0.496,0.711,0.0,0.001,0.929,0.071,0.153,0.329,0.999,0.33,0.071,1.0,0.014
AlphaFold2-plddt,97,0.534,0.332,0.383,0.498,0.713,0.0,0.001,0.931,0.069,0.15,0.331,0.999,0.332,0.069,1.0,0.014
AlphaFold2-plddt,98,0.535,0.332,0.383,0.498,0.713,0.0,0.002,0.93,0.07,0.151,0.33,0.998,0.332,0.07,1.0,0.014
AlphaFold2-plddt,99,0.534,0.332,0.383,0.498,0.713,0.0,0.001,0.932,0.068,0.15,0.331,0.999,0.332,0.068,1.0,0.014
AlphaFold3-plddt,0,0.515,0.324,0.375,0.489,0.706,0.0,0.001,0.97,0.03,0.098,0.323,0.999,0.324,0.03,1.0,0.012
AlphaFold3-plddt,1,0.515,0.324,0.375,0.489,0.706,0.0,0.002,0.97,0.03,0.097,0.322,0.998,0.324,0.03,1.0,0.012
AlphaFold3-plddt,2,0.515,0.323,0.374,0.488,0.705,0.0,0.003,0.97,0.03,0.097,0.32,0.997,0.323,0.03,1.0,0.012
AlphaFold3-plddt,3,0.515,0.323,0.374,0.488,0.705,0.0,0.002,0.97,0.03,0.098,0.321,0.998,0.323,0.03,1.0,0.012
AlphaFold3-plddt,4,0.514,0.32,0.37,0.485,0.702,0.0,0.004,0.972,0.028,0.094,0.316,0.996,0.32,0.028,1.0,0.012
AlphaFold3-plddt,5,0.514,0.324,0.375,0.489,0.706,0.0,0.002,0.971,0.029,0.096,0.322,0.998,0.324,0.029,1.0,0.012
AlphaFold3-plddt,6,0.515,0.323,0.374,0.488,0.705,0.0,0.002,0.97,0.03,0.097,0.321,0.998,0.323,0.03,1.0,0.012
AlphaFold3-plddt,7,0.515,0.322,0.373,0.487,0.704,0.0,0.003,0.971,0.029,0.096,0.319,0.997,0.322,0.029,1.0,0.012
AlphaFold3-plddt,8,0.515,0.323,0.374,0.488,0.705,0.0,0.001,0.971,0.029,0.097,0.322,0.999,0.323,0.029,1.0,0.012
AlphaFold3-plddt,9,0.514,0.323,0.374,0.488,0.705,0.0,0.002,0.972,0.028,0.095,0.321,0.998,0.323,0.028,1.0,0.012
AlphaFold3-plddt,10,0.514,0.324,0.375,0.489,0.706,0.0,0.001,0.971,0.029,0.097,0.323,0.999,0.324,0.029,1.0,0.012
AlphaFold3-plddt,11,0.514,0.322,0.373,0.487,0.704,0.0,0.003,0.972,0.028,0.095,0.319,0.997,0.322,0.028,1.0,0.012
AlphaFold3-plddt,12,0.515,0.323,0.374,0.488,0.705,0.0,0.002,0.97,0.03,0.097,0.321,0.998,0.323,0.03,1.0,0.012
AlphaFold3-plddt,13,0.515,0.322,0.373,0.487,0.704,0.0,0.004,0.971,0.029,0.096,0.318,0.996,0.322,0.029,1.0,0.012
AlphaFold3-plddt,14,0.515,0.322,0.373,0.487,0.704,0.0,0.002,0.97,0.03,0.098,0.32,0.998,0.322,0.03,1.0,0.012
AlphaFold3-plddt,15,0.514,0.324,0.375,0.489,0.706,0.0,0.004,0.972,0.028,0.094,0.32,0.996,0.324,0.028,1.0,0.012
AlphaFold3-plddt,16,0.513,0.322,0.373,0.487,0.704,0.0,0.002,0.973,0.027,0.093,0.32,0.998,0.322,0.027,1.0,0.012
AlphaFold3-plddt,17,0.515,0.323,0.374,0.488,0.705,0.0,0.002,0.971,0.029,0.097,0.321,0.998,0.323,0.029,1.0,0.012
AlphaFold3-plddt,18,0.515,0.323,0.374,0.488,0.705,0.0,0.001,0.971,0.029,0.097,0.322,0.999,0.323,0.029,1.0,0.012
AlphaFold3-plddt,19,0.514,0.323,0.374,0.488,0.705,0.0,0.002,0.972,0.028,0.095,0.321,0.998,0.323,0.028,1.0,0.012
AlphaFold3-plddt,20,0.514,0.322,0.373,0.487,0.704,0.0,0.003,0.971,0.029,0.096,0.319,0.997,0.322,0.029,1.0,0.012
AlphaFold3-plddt,21,0.514,0.322,0.373,0.487,0.704,0.0,0.003,0.972,0.028,0.095,0.319,0.997,0.322,0.028,1.0,0.012
AlphaFold3-plddt,22,0.514,0.325,0.376,0.491,0.707,0.0,0.002,0.972,0.028,0.094,0.323,0.998,0.325,0.028,1.0,0.012
AlphaFold3-plddt,23,0.515,0.323,0.374,0.488,0.705,0.0,0.002,0.971,0.029,0.097,0.321,0.998,0.323,0.029,1.0,0.012
AlphaFold3-plddt,24,0.515,0.324,0.375,0.489,0.706,0.0,0.002,0.971,0.029,0.097,0.322,0.998,0.324,0.029,1.0,0.012
AlphaFold3-plddt,25,0.515,0.325,0.376,0.491,0.707,0.0,0.001,0.97,0.03,0.098,0.324,0.999,0.325,0.03,1.0,0.012
AlphaFold3-plddt,26,0.514,0.327,0.378,0.493,0.708,0.0,0.002,0.971,0.029,0.097,0.325,0.998,0.327,0.029,1.0,0.012
AlphaFold3-plddt,27,0.514,0.323,0.374,0.488,0.705,0.0,0.003,0.971,0.029,0.096,0.32,0.997,0.323,0.029,1.0,0.012
AlphaFold3-plddt,28,0.515,0.323,0.374,0.488,0.705,0.0,0.002,0.971,0.029,0.097,0.321,0.998,0.323,0.029,1.0,0.012
AlphaFold3-plddt,29,0.514,0.324,0.375,0.489,0.706,0.0,0.002,0.972,0.028,0.095,0.322,0.998,0.324,0.028,1.0,0.012
AlphaFold3-plddt,30,0.515,0.324,0.375,0.489,0.706,0.0,0.002,0.971,0.029,0.097,0.322,0.998,0.324,0.029,1.0,0.012
AlphaFold3-plddt,31,0.514,0.322,0.373,0.487,0.704,0.0,0.002,0.971,0.029,0.096,0.32,0.998,0.322,0.029,1.0,0.012
AlphaFold3-plddt,32,0.514,0.322,0.373,0.487,0.704,0.0,0.003,0.972,0.028,0.095,0.319,0.997,0.322,0.028,1.0,0.012
AlphaFold3-plddt,33,0.514,0.324,0.375,0.489,0.706,0.0,0.002,0.971,0.029,0.097,0.322,0.998,0.324,0.029,1.0,0.012
AlphaFold3-plddt,34,0.514,0.321,0.371,0.486,0.703,0.0,0.002,0.972,0.028,0.094,0.319,0.998,0.321,0.028,1.0,0.012
AlphaFold3-plddt,35,0.515,0.322,0.373,0.487,0.704,0.0,0.003,0.97,0.03,0.098,0.319,0.997,0.322,0.03,1.0,0.012
AlphaFold3-plddt,36,0.515,0.323,0.374,0.488,0.705,0.0,0.002,0.971,0.029,0.097,0.321,0.998,0.323,0.029,1.0,0.012
AlphaFold3-plddt,37,0.515,0.321,0.371,0.486,0.703,0.0,0.002,0.97,0.03,0.097,0.319,0.998,0.321,0.03,1.0,0.012
AlphaFold3-plddt,38,0.514,0.322,0.373,0.487,0.704,0.0,0.002,0.971,0.029,0.096,0.32,0.998,0.322,0.029,1.0,0.012
AlphaFold3-plddt,39,0.514,0.324,0.375,0.489,0.706,0.0,0.001,0.972,0.028,0.095,0.323,0.999,0.324,0.028,1.0,0.012
AlphaFold3-plddt,40,0.514,0.324,0.375,0.489,0.706,0.0,0.002,0.972,0.028,0.095,0.322,0.998,0.324,0.028,1.0,0.012
AlphaFold3-plddt,41,0.514,0.317,0.367,0.481,0.699,0.0,0.002,0.972,0.028,0.093,0.315,0.998,0.317,0.028,1.0,0.012
AlphaFold3-plddt,42,0.514,0.322,0.373,0.487,0.704,0.0,0.003,0.972,0.028,0.095,0.319,0.997,0.322,0.028,1.0,0.012
AlphaFold3-plddt,43,0.514,0.321,0.371,0.486,0.703,0.0,0.004,0.971,0.029,0.095,0.317,0.996,0.321,0.029,1.0,0.012
AlphaFold3-plddt,44,0.514,0.321,0.371,0.486,0.703,0.0,0.002,0.971,0.029,0.096,0.319,0.998,0.321,0.029,1.0,0.012
AlphaFold3-plddt,45,0.515,0.324,0.375,0.489,0.706,0.0,0.002,0.971,0.029,0.097,0.322,0.998,0.324,0.029,1.0,0.012
AlphaFold3-plddt,46,0.514,0.324,0.375,0.489,0.706,0.0,0.003,0.971,0.029,0.096,0.321,0.997,0.324,0.029,1.0,0.012
AlphaFold3-plddt,47,0.515,0.323,0.374,0.488,0.705,0.0,0.002,0.971,0.029,0.097,0.321,0.998,0.323,0.029,1.0,0.012
AlphaFold3-plddt,48,0.514,0.32,0.37,0.485,0.702,0.0,0.004,0.971,0.029,0.095,0.316,0.996,0.32,0.029,1.0,0.012
AlphaFold3-plddt,49,0.514,0.323,0.374,0.488,0.705,0.0,0.002,0.971,0.029,0.096,0.321,0.998,0.323,0.029,1.0,0.012
AlphaFold3-plddt,50,0.514,0.321,0.371,0.486,0.703,0.0,0.004,0.972,0.028,0.093,0.317,0.996,0.321,0.028,1.0,0.012
AlphaFold3-plddt,51,0.514,0.322,0.373,0.487,0.704,0.0,0.003,0.971,0.029,0.095,0.319,0.997,0.322,0.029,1.0,0.012
AlphaFold3-plddt,52,0.514,0.323,0.374,0.488,0.705,0.0,0.001,0.972,0.028,0.095,0.322,0.999,0.323,0.028,1.0,0.012
AlphaFold3-plddt,53,0.514,0.322,0.373,0.487,0.704,0.0,0.002,0.971,0.029,0.095,0.32,0.998,0.322,0.029,1.0,0.012
AlphaFold3-plddt,54,0.514,0.322,0.373,0.487,0.704,0.0,0.003,0.972,0.028,0.094,0.319,0.997,0.322,0.028,1.0,0.012
AlphaFold3-plddt,55,0.515,0.321,0.371,0.486,0.703,0.0,0.001,0.971,0.029,0.096,0.32,0.999,0.321,0.029,1.0,0.012
AlphaFold3-plddt,56,0.514,0.321,0.371,0.486,0.703,0.0,0.003,0.971,0.029,0.096,0.318,0.997,0.321,0.029,1.0,0.012
AlphaFold3-plddt,57,0.514,0.323,0.374,0.488,0.705,0.0,0.002,0.971,0.029,0.096,0.321,0.998,0.323,0.029,1.0,0.012
AlphaFold3-plddt,58,0.514,0.322,0.373,0.487,0.704,0.0,0.004,0.972,0.028,0.095,0.318,0.996,0.322,0.028,1.0,0.012
AlphaFold3-plddt,59,0.515,0.325,0.376,0.491,0.707,0.0,0.002,0.971,0.029,0.097,0.323,0.998,0.325,0.029,1.0,0.012
AlphaFold3-plddt,60,0.514,0.322,0.373,0.487,0.704,0.0,0.002,0.972,0.028,0.094,0.32,0.998,0.322,0.028,1.0,0.012
AlphaFold3-plddt,61,0.514,0.323,0.374,0.488,0.705,0.0,0.002,0.971,0.029,0.096,0.321,0.998,0.323,0.029,1.0,0.012
AlphaFold3-plddt,62,0.514,0.323,0.374,0.488,0.705,0.0,0.002,0.971,0.029,0.096,0.321,0.998,0.323,0.029,1.0,0.012
AlphaFold3-plddt,63,0.514,0.322,0.373,0.487,0.704,0.0,0.002,0.972,0.028,0.095,0.32,0.998,0.322,0.028,1.0,0.012
AlphaFold3-plddt,64,0.515,0.323,0.374,0.488,0.705,0.0,0.003,0.97,0.03,0.098,0.32,0.997,0.323,0.03,1.0,0.012
AlphaFold3-plddt,65,0.515,0.325,0.376,0.491,0.707,0.0,0.004,0.97,0.03,0.097,0.321,0.996,0.325,0.03,1.0,0.012
AlphaFold3-plddt,66,0.514,0.323,0.374,0.488,0.705,0.0,0.002,0.972,0.028,0.095,0.321,0.998,0.323,0.028,1.0,0.012
AlphaFold3-plddt,67,0.514,0.323,0.374,0.488,0.705,0.0,0.003,0.972,0.028,0.095,0.32,0.997,0.323,0.028,1.0,0.012
AlphaFold3-plddt,68,0.515,0.324,0.375,0.489,0.706,0.0,0.003,0.97,0.03,0.097,0.321,0.997,0.324,0.03,1.0,0.012
AlphaFold3-plddt,69,0.515,0.324,0.375,0.489,0.706,0.0,0.003,0.97,0.03,0.097,0.321,0.997,0.324,0.03,1.0,0.012
AlphaFold3-plddt,70,0.514,0.323,0.374,0.488,0.705,0.0,0.003,0.971,0.029,0.096,0.32,0.997,0.323,0.029,1.0,0.012
AlphaFold3-plddt,71,0.514,0.324,0.375,0.489,0.706,0.0,0.001,0.971,0.029,0.096,0.323,0.999,0.324,0.029,1.0,0.012
AlphaFold3-plddt,72,0.515,0.321,0.371,0.486,0.703,0.0,0.001,0.971,0.029,0.097,0.32,0.999,0.321,0.029,1.0,0.012
AlphaFold3-plddt,73,0.514,0.322,0.373,0.487,0.704,0.0,0.001,0.971,0.029,0.096,0.321,0.999,0.322,0.029,1.0,0.012
AlphaFold3-plddt,74,0.514,0.322,0.373,0.487,0.704,0.0,0.002,0.971,0.029,0.096,0.32,0.998,0.322,0.029,1.0,0.012
AlphaFold3-plddt,75,0.514,0.323,0.374,0.488,0.705,0.0,0.003,0.971,0.029,0.096,0.32,0.997,0.323,0.029,1.0,0.012
AlphaFold3-plddt,76,0.514,0.324,0.375,0.489,0.706,0.0,0.002,0.972,0.028,0.095,0.322,0.998,0.324,0.028,1.0,0.012
AlphaFold3-plddt,77,0.515,0.323,0.374,0.488,0.705,0.0,0.003,0.971,0.029,0.097,0.32,0.997,0.323,0.029,1.0,0.012
AlphaFold3-plddt,78,0.514,0.323,0.374,0.488,0.705,0.0,0.001,0.971,0.029,0.096,0.322,0.999,0.323,0.029,1.0,0.012
AlphaFold3-plddt,79,0.514,0.324,0.375,0.489,0.706,0.0,0.002,0.972,0.028,0.095,0.322,0.998,0.324,0.028,1.0,0.012
AlphaFold3-plddt,80,0.514,0.325,0.376,0.491,0.707,0.0,0.003,0.971,0.029,0.096,0.322,0.997,0.325,0.029,1.0,0.012
AlphaFold3-plddt,81,0.515,0.32,0.37,0.485,0.702,0.0,0.002,0.97,0.03,0.097,0.318,0.998,0.32,0.03,1.0,0.012
AlphaFold3-plddt,82,0.515,0.324,0.375,0.489,0.706,0.0,0.002,0.97,0.03,0.097,0.322,0.998,0.324,0.03,1.0,0.012
AlphaFold3-plddt,83,0.515,0.322,0.373,0.487,0.704,0.0,0.002,0.97,0.03,0.097,0.32,0.998,0.322,0.03,1.0,0.012
AlphaFold3-plddt,84,0.515,0.324,0.375,0.489,0.706,0.0,0.001,0.971,0.029,0.097,0.323,0.999,0.324,0.029,1.0,0.012
AlphaFold3-plddt,85,0.514,0.321,0.371,0.486,0.703,0.0,0.001,0.972,0.028,0.095,0.32,0.999,0.321,0.028,1.0,0.012
AlphaFold3-plddt,86,0.514,0.323,0.374,0.488,0.705,0.0,0.002,0.971,0.029,0.096,0.321,0.998,0.323,0.029,1.0,0.012
AlphaFold3-plddt,87,0.514,0.324,0.375,0.489,0.706,0.0,0.002,0.972,0.028,0.095,0.322,0.998,0.324,0.028,1.0,0.012
AlphaFold3-plddt,88,0.514,0.324,0.375,0.489,0.706,0.0,0.004,0.971,0.029,0.096,0.32,0.996,0.324,0.029,1.0,0.012
AlphaFold3-plddt,89,0.514,0.324,0.375,0.489,0.706,0.0,0.002,0.972,0.028,0.095,0.322,0.998,0.324,0.028,1.0,0.012
AlphaFold3-plddt,90,0.514,0.322,0.373,0.487,0.704,0.0,0.001,0.972,0.028,0.095,0.321,0.999,0.322,0.028,1.0,0.012
AlphaFold3-plddt,91,0.514,0.325,0.376,0.491,0.707,0.0,0.003,0.971,0.029,0.096,0.322,0.997,0.325,0.029,1.0,0.012
AlphaFold3-plddt,92,0.514,0.323,0.374,0.488,0.705,0.0,0.003,0.971,0.029,0.096,0.32,0.997,0.323,0.029,1.0,0.012
AlphaFold3-plddt,93,0.514,0.323,0.374,0.488,0.705,0.0,0.001,0.971,0.029,0.096,0.322,0.999,0.323,0.029,1.0,0.012
AlphaFold3-plddt,94,0.514,0.323,0.374,0.488,0.705,0.0,0.002,0.971,0.029,0.096,0.321,0.998,0.323,0.029,1.0,0.012
AlphaFold3-plddt,95,0.514,0.324,0.375,0.489,0.706,0.0,0.001,0.972,0.028,0.095,0.323,0.999,0.324,0.028,1.0,0.012
AlphaFold3-plddt,96,0.514,0.322,0.373,0.487,0.704,0.0,0.002,0.972,0.028,0.095,0.32,0.998,0.322,0.028,1.0,0.012
AlphaFold3-plddt,97,0.514,0.325,0.376,0.491,0.707,0.0,0.004,0.971,0.029,0.096,0.321,0.996,0.325,0.029,1.0,0.012
AlphaFold3-plddt,98,0.515,0.321,0.371,0.486,0.703,0.0,0.002,0.97,0.03,0.097,0.319,0.998,0.321,0.03,1.0,0.012
AlphaFold3-plddt,99,0.514,0.321,0.371,0.486,0.703,0.0,0.002,0.971,0.029,0.096,0.319,0.998,0.321,0.029,1.0,0.012
AlphaFold3-rsa,0,0.521,0.325,0.376,0.49,0.706,0.001,0.006,0.958,0.041,0.115,0.319,0.994,0.325,0.042,0.999,0.133
AlphaFold3-rsa,1,0.521,0.326,0.377,0.492,0.707,0.0,0.004,0.957,0.043,0.117,0.322,0.996,0.326,0.043,1.0,0.133
AlphaFold3-rsa,2,0.522,0.326,0.377,0.492,0.707,0.0,0.004,0.955,0.045,0.119,0.322,0.996,0.326,0.045,1.0,0.133
AlphaFold3-rsa,3,0.522,0.323,0.374,0.488,0.705,0.0,0.005,0.956,0.044,0.118,0.318,0.995,0.323,0.044,1.0,0.133
AlphaFold3-rsa,4,0.522,0.326,0.377,0.492,0.707,0.0,0.005,0.956,0.044,0.118,0.321,0.995,0.326,0.044,1.0,0.133
AlphaFold3-rsa,5,0.521,0.327,0.378,0.493,0.708,0.001,0.006,0.958,0.041,0.116,0.321,0.994,0.327,0.042,0.999,0.133
AlphaFold3-rsa,6,0.521,0.327,0.378,0.493,0.708,0.0,0.003,0.957,0.043,0.117,0.324,0.997,0.327,0.043,1.0,0.133
AlphaFold3-rsa,7,0.521,0.325,0.376,0.49,0.706,0.001,0.007,0.957,0.042,0.116,0.318,0.993,0.325,0.043,0.999,0.133
AlphaFold3-rsa,8,0.52,0.325,0.376,0.491,0.707,0.0,0.005,0.959,0.041,0.114,0.32,0.995,0.325,0.041,1.0,0.133
AlphaFold3-rsa,9,0.521,0.324,0.375,0.489,0.705,0.001,0.007,0.958,0.041,0.115,0.317,0.993,0.324,0.042,0.999,0.133
AlphaFold3-rsa,10,0.522,0.328,0.379,0.494,0.709,0.0,0.005,0.956,0.044,0.119,0.323,0.995,0.328,0.044,1.0,0.133
AlphaFold3-rsa,11,0.521,0.323,0.374,0.488,0.705,0.0,0.005,0.958,0.042,0.115,0.318,0.995,0.323,0.042,1.0,0.133
AlphaFold3-rsa,12,0.521,0.326,0.377,0.492,0.707,0.0,0.004,0.958,0.042,0.116,0.322,0.996,0.326,0.042,1.0,0.133
AlphaFold3-rsa,13,0.521,0.324,0.375,0.489,0.706,0.0,0.003,0.958,0.042,0.115,0.321,0.997,0.324,0.042,1.0,0.133
AlphaFold3-rsa,14,0.521,0.324,0.376,0.491,0.707,0.0,0.004,0.957,0.043,0.117,0.321,0.996,0.325,0.043,1.0,0.133
AlphaFold3-rsa,15,0.521,0.327,0.378,0.493,0.708,0.0,0.005,0.958,0.042,0.116,0.322,0.995,0.327,0.042,1.0,0.133
AlphaFold3-rsa,16,0.521,0.324,0.375,0.489,0.706,0.0,0.004,0.957,0.043,0.116,0.32,0.996,0.324,0.043,1.0,0.133
AlphaFold3-rsa,17,0.521,0.326,0.377,0.492,0.707,0.001,0.006,0.957,0.042,0.116,0.32,0.994,0.326,0.043,0.999,0.133
AlphaFold3-rsa,18,0.521,0.325,0.376,0.491,0.707,0.0,0.004,0.957,0.043,0.117,0.321,0.996,0.325,0.043,1.0,0.133
AlphaFold3-rsa,19,0.522,0.328,0.379,0.494,0.709,0.001,0.006,0.956,0.043,0.118,0.322,0.994,0.328,0.044,0.999,0.133
AlphaFold3-rsa,20,0.52,0.323,0.374,0.488,0.705,0.0,0.005,0.959,0.041,0.114,0.318,0.995,0.323,0.041,1.0,0.133
AlphaFold3-rsa,21,0.521,0.325,0.376,0.49,0.706,0.001,0.008,0.957,0.042,0.116,0.317,0.992,0.325,0.043,0.999,0.133
AlphaFold3-rsa,22,0.521,0.324,0.375,0.489,0.706,0.0,0.005,0.958,0.042,0.115,0.319,0.995,0.324,0.042,1.0,0.133
AlphaFold3-rsa,23,0.521,0.327,0.378,0.493,0.708,0.001,0.007,0.958,0.041,0.115,0.32,0.993,0.327,0.042,0.999,0.133
AlphaFold3-rsa,24,0.522,0.326,0.377,0.492,0.707,0.0,0.004,0.956,0.044,0.118,0.322,0.996,0.326,0.044,1.0,0.133
AlphaFold3-rsa,25,0.521,0.325,0.376,0.491,0.707,0.0,0.005,0.958,0.042,0.115,0.32,0.995,0.325,0.042,1.0,0.133
AlphaFold3-rsa,26,0.521,0.327,0.378,0.493,0.708,0.0,0.003,0.957,0.043,0.117,0.324,0.997,0.327,0.043,1.0,0.133
AlphaFold3-rsa,27,0.52,0.325,0.376,0.49,0.706,0.001,0.006,0.959,0.04,0.114,0.319,0.994,0.325,0.041,0.999,0.133
AlphaFold3-rsa,28,0.521,0.325,0.376,0.491,0.707,0.0,0.004,0.957,0.043,0.117,0.321,0.996,0.325,0.043,1.0,0.133
AlphaFold3-rsa,29,0.521,0.326,0.377,0.492,0.707,0.0,0.005,0.958,0.042,0.116,0.321,0.995,0.326,0.042,1.0,0.133
AlphaFold3-rsa,30,0.521,0.328,0.379,0.494,0.709,0.001,0.006,0.957,0.042,0.117,0.322,0.994,0.328,0.043,0.999,0.133
AlphaFold3-rsa,31,0.521,0.327,0.378,0.493,0.708,0.001,0.006,0.957,0.042,0.117,0.321,0.994,0.327,0.043,0.999,0.133
AlphaFold3-rsa,32,0.521,0.326,0.377,0.492,0.707,0.0,0.004,0.957,0.043,0.117,0.322,0.996,0.326,0.043,1.0,0.133
AlphaFold3-rsa,33,0.521,0.326,0.377,0.492,0.707,0.0,0.004,0.958,0.042,0.115,0.322,0.996,0.326,0.042,1.0,0.133
AlphaFold3-rsa,34,0.522,0.327,0.378,0.493,0.708,0.0,0.004,0.956,0.044,0.118,0.323,0.996,0.327,0.044,1.0,0.133
AlphaFold3-rsa,35,0.521,0.327,0.378,0.493,0.708,0.0,0.004,0.957,0.043,0.117,0.323,0.996,0.327,0.043,1.0,0.133
AlphaFold3-rsa,36,0.521,0.326,0.377,0.492,0.707,0.0,0.005,0.958,0.042,0.115,0.321,0.995,0.326,0.042,1.0,0.133
AlphaFold3-rsa,37,0.521,0.324,0.375,0.489,0.706,0.0,0.003,0.957,0.043,0.116,0.321,0.997,0.324,0.043,1.0,0.133
AlphaFold3-rsa,38,0.521,0.327,0.378,0.493,0.708,0.0,0.004,0.958,0.042,0.116,0.323,0.996,0.327,0.042,1.0,0.133
AlphaFold3-rsa,39,0.521,0.328,0.379,0.494,0.709,0.0,0.005,0.958,0.042,0.116,0.323,0.995,0.328,0.042,1.0,0.133
AlphaFold3-rsa,40,0.521,0.328,0.379,0.494,0.709,0.0,0.004,0.957,0.043,0.118,0.324,0.996,0.328,0.043,1.0,0.133
AlphaFold3-rsa,41,0.521,0.325,0.376,0.49,0.706,0.001,0.005,0.957,0.042,0.117,0.32,0.995,0.325,0.043,0.999,0.133
AlphaFold3-rsa,42,0.521,0.325,0.376,0.49,0.706,0.001,0.008,0.958,0.041,0.115,0.317,0.992,0.325,0.042,0.999,0.133
AlphaFold3-rsa,43,0.521,0.329,0.38,0.495,0.71,0.0,0.004,0.957,0.043,0.118,0.325,0.996,0.329,0.043,1.0,0.133
AlphaFold3-rsa,44,0.521,0.325,0.376,0.491,0.707,0.0,0.005,0.958,0.042,0.115,0.32,0.995,0.325,0.042,1.0,0.133
AlphaFold3-rsa,45,0.521,0.326,0.377,0.492,0.707,0.0,0.005,0.957,0.043,0.117,0.321,0.995,0.326,0.043,1.0,0.133
AlphaFold3-rsa,46,0.522,0.327,0.378,0.493,0.708,0.0,0.003,0.957,0.043,0.118,0.324,0.997,0.327,0.043,1.0,0.133
AlphaFold3-rsa,47,0.521,0.326,0.377,0.492,0.707,0.001,0.008,0.957,0.042,0.116,0.318,0.992,0.326,0.043,0.999,0.133
AlphaFold3-rsa,48,0.521,0.325,0.376,0.49,0.706,0.001,0.005,0.957,0.042,0.117,0.32,0.995,0.325,0.043,0.999,0.133
AlphaFold3-rsa,49,0.521,0.322,0.372,0.487,0.703,0.001,0.006,0.958,0.041,0.115,0.316,0.994,0.322,0.042,0.999,0.133
AlphaFold3-rsa,50,0.521,0.326,0.377,0.492,0.707,0.0,0.004,0.957,0.043,0.117,0.322,0.996,0.326,0.043,1.0,0.133
AlphaFold3-rsa,51,0.521,0.326,0.377,0.492,0.707,0.001,0.007,0.957,0.042,0.117,0.319,0.993,0.326,0.043,0.999,0.133
AlphaFold3-rsa,52,0.52,0.326,0.377,0.492,0.707,0.0,0.004,0.959,0.041,0.115,0.322,0.996,0.326,0.041,1.0,0.133
AlphaFold3-rsa,53,0.521,0.327,0.378,0.493,0.708,0.0,0.004,0.957,0.043,0.118,0.323,0.996,0.327,0.043,1.0,0.133
AlphaFold3-rsa,54,0.521,0.328,0.379,0.494,0.709,0.0,0.005,0.958,0.042,0.116,0.323,0.995,0.328,0.042,1.0,0.133
AlphaFold3-rsa,55,0.522,0.325,0.376,0.491,0.707,0.0,0.002,0.957,0.043,0.118,0.323,0.998,0.325,0.043,1.0,0.133
AlphaFold3-rsa,56,0.521,0.326,0.377,0.492,0.707,0.0,0.005,0.957,0.043,0.117,0.321,0.995,0.326,0.043,1.0,0.133
AlphaFold3-rsa,57,0.522,0.325,0.376,0.491,0.707,0.0,0.005,0.956,0.044,0.117,0.32,0.995,0.325,0.044,1.0,0.133
AlphaFold3-rsa,58,0.521,0.326,0.377,0.492,0.707,0.001,0.006,0.958,0.041,0.116,0.32,0.994,0.326,0.042,0.999,0.133
AlphaFold3-rsa,59,0.52,0.326,0.378,0.493,0.708,0.001,0.007,0.958,0.041,0.114,0.32,0.993,0.327,0.042,0.999,0.133
AlphaFold3-rsa,60,0.521,0.326,0.377,0.492,0.707,0.0,0.004,0.958,0.042,0.116,0.322,0.996,0.326,0.042,1.0,0.133
AlphaFold3-rsa,61,0.521,0.326,0.377,0.492,0.707,0.0,0.004,0.958,0.042,0.116,0.322,0.996,0.326,0.042,1.0,0.133
AlphaFold3-rsa,62,0.522,0.326,0.377,0.492,0.707,0.0,0.003,0.956,0.044,0.119,0.323,0.997,0.326,0.044,1.0,0.133
AlphaFold3-rsa,63,0.521,0.327,0.378,0.493,0.708,0.0,0.005,0.957,0.043,0.117,0.322,0.995,0.327,0.043,1.0,0.133
AlphaFold3-rsa,64,0.522,0.324,0.375,0.489,0.706,0.0,0.005,0.956,0.044,0.117,0.319,0.995,0.324,0.044,1.0,0.133
AlphaFold3-rsa,65,0.521,0.328,0.379,0.494,0.709,0.001,0.007,0.957,0.042,0.116,0.321,0.993,0.328,0.043,0.999,0.133
AlphaFold3-rsa,66,0.521,0.326,0.377,0.492,0.707,0.0,0.004,0.957,0.043,0.117,0.322,0.996,0.326,0.043,1.0,0.133
AlphaFold3-rsa,67,0.521,0.326,0.377,0.492,0.707,0.0,0.004,0.957,0.043,0.118,0.322,0.996,0.326,0.043,1.0,0.133
AlphaFold3-rsa,68,0.521,0.326,0.377,0.492,0.707,0.001,0.007,0.957,0.042,0.116,0.319,0.993,0.326,0.043,0.999,0.133
AlphaFold3-rsa,69,0.521,0.324,0.375,0.489,0.706,0.0,0.004,0.957,0.043,0.117,0.32,0.996,0.324,0.043,1.0,0.133
AlphaFold3-rsa,70,0.521,0.326,0.377,0.492,0.707,0.0,0.005,0.957,0.043,0.117,0.321,0.995,0.326,0.043,1.0,0.133
AlphaFold3-rsa,71,0.521,0.327,0.378,0.493,0.708,0.001,0.006,0.957,0.042,0.116,0.321,0.994,0.327,0.043,0.999,0.133
AlphaFold3-rsa,72,0.522,0.328,0.379,0.494,0.709,0.0,0.004,0.955,0.045,0.12,0.324,0.996,0.328,0.045,1.0,0.133
AlphaFold3-rsa,73,0.521,0.326,0.377,0.492,0.707,0.001,0.006,0.958,0.041,0.116,0.32,0.994,0.326,0.042,0.999,0.133
AlphaFold3-rsa,74,0.52,0.324,0.375,0.489,0.706,0.0,0.005,0.959,0.041,0.114,0.319,0.995,0.324,0.041,1.0,0.133
AlphaFold3-rsa,75,0.52,0.323,0.374,0.488,0.705,0.0,0.003,0.959,0.041,0.115,0.32,0.997,0.323,0.041,1.0,0.133
AlphaFold3-rsa,76,0.521,0.326,0.377,0.492,0.707,0.0,0.004,0.958,0.042,0.115,0.322,0.996,0.326,0.042,1.0,0.133
AlphaFold3-rsa,77,0.521,0.327,0.378,0.493,0.708,0.001,0.007,0.957,0.042,0.116,0.32,0.993,0.327,0.043,0.999,0.133
AlphaFold3-rsa,78,0.521,0.325,0.376,0.49,0.706,0.001,0.006,0.958,0.041,0.115,0.319,0.994,0.325,0.042,0.999,0.133
AlphaFold3-rsa,79,0.521,0.328,0.379,0.494,0.709,0.0,0.003,0.958,0.042,0.117,0.325,0.997,0.328,0.042,1.0,0.133
AlphaFold3-rsa,80,0.522,0.328,0.379,0.494,0.709,0.0,0.002,0.957,0.043,0.119,0.326,0.998,0.328,0.043,1.0,0.133
AlphaFold3-rsa,81,0.521,0.325,0.376,0.491,0.707,0.0,0.002,0.957,0.043,0.118,0.323,0.998,0.325,0.043,1.0,0.133
AlphaFold3-rsa,82,0.521,0.327,0.378,0.493,0.708,0.0,0.005,0.957,0.043,0.117,0.322,0.995,0.327,0.043,1.0,0.133
AlphaFold3-rsa,83,0.521,0.329,0.38,0.495,0.71,0.0,0.003,0.958,0.042,0.117,0.326,0.997,0.329,0.042,1.0,0.133
AlphaFold3-rsa,84,0.521,0.327,0.379,0.494,0.709,0.001,0.007,0.958,0.041,0.115,0.321,0.993,0.328,0.042,0.999,0.133
AlphaFold3-rsa,85,0.521,0.321,0.371,0.486,0.702,0.001,0.006,0.957,0.042,0.115,0.315,0.994,0.321,0.043,0.999,0.133
AlphaFold3-rsa,86,0.521,0.326,0.377,0.492,0.707,0.001,0.006,0.957,0.042,0.116,0.32,0.994,0.326,0.043,0.999,0.133
AlphaFold3-rsa,87,0.521,0.325,0.376,0.491,0.707,0.0,0.002,0.959,0.041,0.116,0.323,0.998,0.325,0.041,1.0,0.133
AlphaFold3-rsa,88,0.522,0.326,0.377,0.492,0.707,0.001,0.006,0.955,0.044,0.12,0.32,0.994,0.326,0.045,0.999,0.133
AlphaFold3-rsa,89,0.521,0.327,0.378,0.493,0.708,0.0,0.004,0.957,0.043,0.117,0.323,0.996,0.327,0.043,1.0,0.133
AlphaFold3-rsa,90,0.521,0.325,0.376,0.491,0.707,0.0,0.002,0.958,0.042,0.117,0.323,0.998,0.325,0.042,1.0,0.133
AlphaFold3-rsa,91,0.521,0.327,0.378,0.493,0.708,0.001,0.006,0.958,0.041,0.116,0.321,0.994,0.327,0.042,0.999,0.133
AlphaFold3-rsa,92,0.521,0.325,0.376,0.491,0.707,0.0,0.004,0.957,0.043,0.116,0.321,0.996,0.325,0.043,1.0,0.133
AlphaFold3-rsa,93,0.521,0.328,0.379,0.494,0.709,0.001,0.008,0.957,0.042,0.116,0.32,0.992,0.328,0.043,0.999,0.133
AlphaFold3-rsa,94,0.521,0.325,0.377,0.492,0.707,0.0,0.004,0.958,0.042,0.116,0.322,0.996,0.326,0.042,1.0,0.133
AlphaFold3-rsa,95,0.521,0.325,0.376,0.491,0.707,0.0,0.004,0.957,0.043,0.116,0.321,0.996,0.325,0.043,1.0,0.133
AlphaFold3-rsa,96,0.521,0.33,0.381,0.496,0.711,0.0,0.005,0.958,0.042,0.116,0.325,0.995,0.33,0.042,1.0,0.133
AlphaFold3-rsa,97,0.522,0.326,0.377,0.492,0.707,0.0,0.003,0.957,0.043,0.118,0.323,0.997,0.326,0.043,1.0,0.133
AlphaFold3-rsa,98,0.521,0.324,0.376,0.491,0.707,0.0,0.003,0.958,0.042,0.116,0.322,0.997,0.325,0.042,1.0,0.133
AlphaFold3-rsa,99,0.521,0.326,0.377,0.492,0.707,0.001,0.006,0.957,0.042,0.116,0.32,0.994,0.326,0.043,0.999,0.133
